{
  "expected_value": {
    "mean_pnl_per_trade": -10.230967370361267,
    "bootstrap_ci95": [
      -26.202329338582896,
      7.611503471285773
    ],
    "bootstrap_p_mean_ge_0": 0.1204,
    "ttest_t": -1.1824091233527774,
    "ttest_p_two_sided": 0.2370917749146313,
    "n_trades": 5813,
    "histogram": {
      "min": -45.3720290525099,
      "max": 31.620672923560935,
      "counts": [
        3,
        0,
        0,
        0,
        0,
        3,
        3,
        2,
        8,
        13,
        23,
        24,
        40,
        56,
        99,
        106,
        154,
        199,
        246,
        303,
        429,
        538,
        639,
        778,
        937,
        1085,
        1282,
        1470,
        1602,
        1761,
        1956,
        1980,
        2064,
        2144,
        2207,
        2249,
        2134,
        2192,
        2147,
        2014,
        1930,
        1866,
        1698,
        1517,
        1484,
        1263,
        1150,
        1031,
        898,
        711,
        620,
        544,
        463,
        367,
        303,
        287,
        210,
        173,
        137,
        114,
        87,
        72,
        37,
        35,
        23,
        20,
        17,
        19,
        9,
        11,
        5,
        2,
        1,
        1,
        3,
        0,
        1,
        0,
        0,
        1
      ]
    }
  },
  "win_rate": {
    "win_rate": 0.2903836229141579,
    "wilson_ci95": [
      0.27885575985232003,
      0.3021883484921212
    ],
    "n_trades": 5813,
    "n_wins": 1688,
    "n_losses": 4125,
    "rr_ratio": 1.9914523989086694,
    "breakeven_win_rate_implied": 0.3342857805007415,
    "binomial": {
      "n": 5813,
      "wins": 1688,
      "observedWinRate": 0.2903836229141579,
      "p0": 0.3342857805007415,
      "expectedWins": 1943.2032420508103,
      "pLower": 3.9004467508277925e-13,
      "pTwoSided": 7.779795516134567e-13
    },
    "binomial_by_year": {
      "2020": {
        "n": 6,
        "wins": 2,
        "observedWinRate": 0.3333333333333333,
        "p0": 0.3342857805007415,
        "expectedWins": 2.0057146830044488,
        "pLower": 0.6785013731379587,
        "pTwoSided": 1,
        "winRate": 0.3333333333333333
      },
      "2021": {
        "n": 2939,
        "wins": 874,
        "observedWinRate": 0.2973800612453215,
        "p0": 0.3342857805007415,
        "expectedWins": 982.4659088916792,
        "pLower": 0.000010174406472863495,
        "pTwoSided": 0.00002005308596372781,
        "winRate": 0.2973800612453215
      },
      "2022": {
        "n": 1364,
        "wins": 484,
        "observedWinRate": 0.3548387096774194,
        "p0": 0.3342857805007415,
        "expectedWins": 455.9658046030114,
        "pLower": 0.9487340772897226,
        "pTwoSided": 0.10809283742888622,
        "winRate": 0.3548387096774194
      },
      "2023": {
        "n": 738,
        "wins": 174,
        "observedWinRate": 0.23577235772357724,
        "p0": 0.3342857805007415,
        "expectedWins": 246.7029060095472,
        "pLower": 3.3361351038830266e-9,
        "pTwoSided": 6.718732453368476e-9,
        "winRate": 0.23577235772357724
      },
      "2024": {
        "n": 522,
        "wins": 104,
        "observedWinRate": 0.19923371647509577,
        "p0": 0.3342857805007415,
        "expectedWins": 174.49717742138705,
        "pLower": 5.957917816467293e-12,
        "pTwoSided": 1.1983609008158676e-11,
        "winRate": 0.19923371647509577
      },
      "2025": {
        "n": 244,
        "wins": 50,
        "observedWinRate": 0.20491803278688525,
        "p0": 0.3342857805007415,
        "expectedWins": 81.56573044218092,
        "pLower": 0.00000582208855816334,
        "pTwoSided": 0.00001224735156983456,
        "winRate": 0.20491803278688525
      }
    }
  },
  "max_loss_streak": {
    "observed": 32,
    "unit": "economic position",
    "n_sims": 200000,
    "primary_fair_rr_baseline": {
      "rr_ratio": 1.9914523989086694,
      "breakeven_win_rate": 0.3342857805007415,
      "sim_loss_rate": 0.6657142194992585,
      "p_value_ge_observed": 0.00409,
      "median_max_streak": 19,
      "p95_max_streak": 25,
      "p99_max_streak": 29,
      "histogram": {
        "12": 15,
        "13": 254,
        "14": 2215,
        "15": 8510,
        "16": 18092,
        "17": 26555,
        "18": 29704,
        "19": 28116,
        "20": 23702,
        "21": 18572,
        "22": 13483,
        "23": 9756,
        "24": 6783,
        "25": 4628,
        "26": 3207,
        "27": 2128,
        "28": 1403,
        "29": 946,
        "30": 661,
        "31": 452,
        "32": 269,
        "33": 172,
        "34": 127,
        "35": 89,
        "36": 47,
        "37": 35,
        "38": 27,
        "39": 18,
        "40": 6,
        "41": 4,
        "42": 6,
        "43": 6,
        "44": 2,
        "45": 2,
        "46": 4,
        "47": 3,
        "55": 1
      }
    },
    "secondary_own_rate_baseline": {
      "loss_rate": 0.7096163770858421,
      "p_value_ge_observed": 0.028645,
      "median_max_streak": 22
    }
  },
  "runs_test": {
    "observed_runs": 2048,
    "expected_runs": 2396.664889041803,
    "z": -11.097767223550667,
    "p_two_sided": 1.2861686887891361e-28,
    "interpretation": "fewer runs than expected -> clustering  (significant)"
  },
  "autocorrelation": {
    "max_lag": 20,
    "acf": [
      0.14529453288014346,
      0.08928976947996965,
      0.06859076509170746,
      0.05850227341348411,
      0.05342282955947303,
      0.0602735882043846,
      0.028479222621232772,
      0.036757239631792005,
      0.009379504811242537,
      0.01205605693597705,
      0.02701280437882061,
      0.005478958686521501,
      0.03128864308182889,
      0.019530468795532066,
      0.0171979730960513,
      0.03048503793082486,
      0.045684209616093076,
      0.04227444837015366,
      0.02717690886771424,
      0.021505047952090975
    ],
    "ljung_box_Q": 317.251325115748,
    "df": 20,
    "p_value": 0
  },
  "loss_streak_frequency": {
    "lengths": [
      1,
      2,
      3,
      4,
      5,
      6,
      7,
      8,
      9,
      10,
      11,
      12,
      13,
      14,
      15,
      16,
      17,
      18,
      19,
      20,
      21,
      22,
      23,
      24,
      25,
      26,
      27,
      28,
      29,
      30,
      31,
      32
    ],
    "observed": [
      298,
      205,
      124,
      84,
      83,
      47,
      49,
      28,
      15,
      15,
      11,
      14,
      10,
      8,
      5,
      6,
      2,
      4,
      5,
      2,
      4,
      0,
      2,
      0,
      0,
      1,
      0,
      0,
      1,
      0,
      0,
      1
    ],
    "n_runs": 1024,
    "expected_fair_geometric": [
      342.30863923275933,
      227.87972859468962,
      151.70277566111665,
      100.99069489511137,
      67.23094162878682,
      44.75659383260802,
      29.795100930719975,
      19.835022360995875,
      13.204456429800707,
      8.790394406076743,
      5.851890551132027,
      3.895686750841943,
      2.593414064750346,
      1.726472619953676,
      1.1493373726793015,
      0.7651302319945293,
      0.5093580752075247,
      0.33908691348242187,
      0.2257349799513631,
      0.15027498599200242,
      0.10004019500992789,
      0.06659818033958777,
      0.04433535564483953,
      0.029514676679326387,
      0.019648339949350734,
      0.013080179293838121,
      0.008707661349507808,
      0.005796813978951449,
      0.003859021493580055,
      0.002569005481629509,
      0.0017102234790923052,
      0.0011385200885532403
    ],